id,ra,dec,hi_size,line_flux_integral,central_freq,pa,i,w20
0,180.1007701935313,-30.179628658777624,0.8092000000002312,12.680833416830138,1041137029.6989567,45.0,1.0,249.7936652164663
1,180.08293713304752,-30.157863137690175,2.744000000000784,12.680833416830138,1041137029.6989567,0.0,0.7808852230450896,249.7936652164663
2,180.09520364564318,-30.160836361752114,2.1896000000006257,12.680833416830138,1041137029.6989567,45.0,0.7248743251078095,249.7936652164663
3,180.09730984999578,-30.168094175708752,2.1896000000006257,12.680833416830138,1041137029.6989567,45.0,0.7248743251078095,249.7936652164663
4,180.0888702712841,-30.171013905658754,4.012400000001147,12.680833416830138,1041137029.6989567,20.7,0.8731507325542529,249.7936652164663
5,180.06298559294234,-30.186263143083732,2.2848000000006525,12.680833416830138,1041137029.6989567,0.0,0.5911293527110205,249.7936652164663
6,180.07870887785205,-30.157314814068492,4.4408000000012695,12.680833416830138,1041137029.6989567,17.74,0.7447556039317382,249.7936652164663
7,180.04767770623025,-30.1627416432334,1.9796000000005656,12.680833416830138,1041137029.6989567,-0.0,0.590807425588971,249.7936652164663
